metric,value
CV_Q2,0.6254349376804094
Test_R2,0.5694227094303699
Test_MAE,0.4797875149567608
Test_RMSE,0.725038241299924
CV_RMSE,0.61